cluster,likes,comments
0,107.07209895479328,4.315530855846734
1,43002.15789473684,12.68421052631579
